feature,group,f1_drop_mean,f1_drop_sd_seeds,auc_drop_mean,auc_drop_sd_seeds
redundancy,D_lexical_diversity,0.019142958007977953,0.005665134309508967,0.016216921189594162,0.003330647618297443
ttr,D_lexical_diversity,0.018675728164375526,0.004074501745101922,0.016762321640358548,0.001298426286923485
pos_verb_ratio,E_pos_distribution,0.007209320398930642,0.003769640796669322,0.007425303939908992,0.0005531918157680538
herdans_c,D_lexical_diversity,0.006949122795897061,0.0019098447062115061,0.008489287213534404,0.0012353262533784416
root_ttr,D_lexical_diversity,0.0056122681039993075,0.0010128539857400837,0.006824311932214211,0.0012806554859412368
sig_burstiness,G_surface_signals,0.004884974738849052,0.0012297245657521025,0.0048150276531315605,0.0007951562269941399
pos_pron_ratio,E_pos_distribution,0.004495294707916162,0.0029304057115400266,0.00045932320132381285,0.000491327449477614
verbs_per_sent,C_syntax,0.0038737117785804355,0.0029571274741790753,0.003049628914130658,0.0004617138322969246
sig_se_per_sent,G_surface_signals,0.0032225795546569416,0.0005100411260571886,0.00092239597980125,0.0004553337414471708
sig_quotes_ratio,G_surface_signals,0.0027025976729401864,0.0019956523630714784,0.0030616112585130175,0.0005990511736794094
sig_hedge_ratio,G_surface_signals,0.0024995488695778324,0.0015906775022773848,0.0017521937064163065,0.000435226044055538
len_sent,C_syntax,0.002458599191064694,0.002863570091823963,-4.939660337212196e-05,0.0004152050549377289
formality_f,B_formality,0.0022049270668895566,0.0028984837331053844,0.0030891624993377546,0.0011280528569571418
sig_punct_ratio,G_surface_signals,0.0021609179433139366,0.0007799828555288971,0.0022638479627977285,0.00029615883089182787
error_rate,F_spelling,0.0019254932070127688,0.0017170072612333973,-0.0008204237837308547,0.00045900944806084816
sig_stopword_ratio,G_surface_signals,0.0016074064921978277,0.0032097099728224834,-0.0009852421533984165,0.000632879896374675
sconj_per_sent,C_syntax,0.0015148015792324253,0.002328493467540176,0.0005969978929007243,0.0008261506088988282
sig_uppercase_ratio,G_surface_signals,0.0014107600698880054,0.0013703145756798628,0.005595102726187183,0.0006170032129179283
sig_avg_word_len,G_surface_signals,0.0010288586606640442,0.0019881092985902715,-0.0009261455569547945,0.00045695744723175545
sig_repeated_char_ratio,G_surface_signals,0.0008074496308179344,0.0011399787794977195,-0.00048133158896478107,0.00025441161465375553
sig_digit_ratio,G_surface_signals,0.0007952788566982042,0.0016050327651978495,0.0009043001944074849,0.0002979052643643258
pos_noun_ratio,E_pos_distribution,0.0007832185313699037,0.002148197880128662,0.0015798761824414361,0.0013162167314286516
sig_intensifier_ratio,G_surface_signals,0.00016906514413808746,0.0010434988753126064,-0.00018992423408769422,0.00012873590090568718
pos_det_ratio,E_pos_distribution,0.00012993821379359813,0.0013986876145971642,-0.00043649968821445485,0.0004013467065720631
sig_excl_per_sent,G_surface_signals,-3.470317575290296e-05,0.001091089685987564,0.0029190458141270066,0.0004510278150330759
sig_q_per_sent,G_surface_signals,-4.436931506497544e-05,0.0030287897788168865,0.0007235053655634459,0.00036339893235165
sig_ellipsis_per_sent,G_surface_signals,-8.117467993429422e-05,2.875277649964178e-05,0.0001777788646117677,8.623680748482878e-05
pos_adv_ratio,E_pos_distribution,-0.0003135733281645123,0.003136796720117924,0.005229355928611356,0.0009429898118338394
sig_percent_ratio,G_surface_signals,-0.0008885631046345521,0.0007662715771850955,-0.0003807451061904129,0.00010008645447540066
sig_proper_like_ratio,G_surface_signals,-0.0010587664750589573,0.0019457447513112102,0.0003457762236052727,0.0004490039751145187
pos_adj_ratio,E_pos_distribution,-0.0011215304691447768,0.001759754617219161,0.000951903521749644,0.000472728682448338
pos_adp_ratio,E_pos_distribution,-0.0011843210377058687,0.001126494861953099,-0.0005802063082559476,0.000406615157758353
sig_long_word_ratio,G_surface_signals,-0.0017443253386892233,0.002516288147009822,-0.0011382412037772359,0.00047840819946925095
avg_dep_depth,C_syntax,-0.0025104204904493562,0.0017078416787508991,-0.0002379351241639357,0.0003110595470680593
ifsz,A_readability,-0.005040711607490889,0.003186806226853401,-0.0018520465762691938,0.0003102250593695206
